idx,process,brewing method,roast,grind,origin,price_per_kg,arabica (%),Pure arabica,roast_brew
1,Macerated Natural,drip (alternative brewing methods),light,beans,Laos,52.22,100,True,light_drip (alternative brewing methods)
2,Natural,drip (alternative brewing methods),medium,beans,Brazylia,31.92,100,True,medium_drip (alternative brewing methods)
3,Natural,drip (alternative brewing methods),light,beans,Etiopia,39.2,100,True,light_drip (alternative brewing methods)
4,Washed,drip (alternative brewing methods),light,beans,Etiopia,39.2,100,True,light_drip (alternative brewing methods)
5,Natural,drip (alternative brewing methods),dark,beans,Indonezja,35.2,100,True,dark_drip (alternative brewing methods)
6,Natural,drip (alternative brewing methods),medium,beans,Brazylia,20.76,100,True,medium_drip (alternative brewing methods)
7,Washed,drip (alternative brewing methods),light,beans,Kenia,45.0,100,True,light_drip (alternative brewing methods)
9,Red Honey,drip (alternative brewing methods),light,ground,Kolumbia,100.0,100,True,light_drip (alternative brewing methods)
10,Washed,drip (alternative brewing methods),light,beans,Salwador,45.6,100,True,light_drip (alternative brewing methods)
11,Honey,drip (alternative brewing methods),light,beans,Boliwia,62.7,100,True,light_drip (alternative brewing methods)
12,Honey,drip (alternative brewing methods),light,beans,Honduras,52.38,100,True,light_drip (alternative brewing methods)
13,Natural,drip (alternative brewing methods),medium,ground,Brazylia,145.45,100,True,medium_drip (alternative brewing methods)
14,Natural,drip (alternative brewing methods),light,beans,Burundi,60.0,100,True,light_drip (alternative brewing methods)
15,Washed,drip (alternative brewing methods),light,beans,Burundi,50.4,100,True,light_drip (alternative brewing methods)
16,Natural,drip (alternative brewing methods),light,ground,Etiopia,145.45,100,True,light_drip (alternative brewing methods)
17,Washed,drip (alternative brewing methods),light,ground,Gwatemala,145.45,100,True,light_drip (alternative brewing methods)
18,Natural,drip (alternative brewing methods),light,beans,Honduras,52.0,100,True,light_drip (alternative brewing methods)
19,Washed,drip (alternative brewing methods),light,beans,Kolumbia,89.0,100,True,light_drip (alternative brewing methods)
20,Washed,drip (alternative brewing methods),light,beans,Kolumbia,88.0,100,True,light_drip (alternative brewing methods)
21,Washed,drip (alternative brewing methods),medium,beans,Etiopia,33.6,100,True,medium_drip (alternative brewing methods)
22,Natural,drip (alternative brewing methods),light,beans,Kostaryka,37.6,100,True,light_drip (alternative brewing methods)
23,Macerated Natural,drip (alternative brewing methods),light,beans,Laos,52.5,100,True,light_drip (alternative brewing methods)
24,Washed,drip (alternative brewing methods),light,beans,Kolumbia,48.8,100,True,light_drip (alternative brewing methods)
25,Natural,drip (alternative brewing methods),light,beans,Kolumbia,50.4,100,True,light_drip (alternative brewing methods)
26,Washed,drip (alternative brewing methods),light,beans,Brazil and others,23.8,100,True,light_drip (alternative brewing methods)
27,Washed,drip (alternative brewing methods),light,beans,Etiopia,46.4,100,True,light_drip (alternative brewing methods)
28,Anaerobic,drip (alternative brewing methods),light,beans,Honduras,50.4,100,True,light_drip (alternative brewing methods)
29,Red Honey,drip (alternative brewing methods),light,beans,Indie,44.8,100,True,light_drip (alternative brewing methods)
30,Washed,drip (alternative brewing methods),light,beans,Peru,44.8,100,True,light_drip (alternative brewing methods)
31,Washed,drip (alternative brewing methods),light,beans,Rwanda,44.8,100,True,light_drip (alternative brewing methods)
32,Washed,drip (alternative brewing methods),light,beans,Rwanda,44.8,100,True,light_drip (alternative brewing methods)
33,Natural,drip (alternative brewing methods),light,beans,Etiopia,50.4,100,True,light_drip (alternative brewing methods)
34,Washed,drip (alternative brewing methods),light,beans,Gwatemala,44.0,100,True,light_drip (alternative brewing methods)
35,Anaerobic,drip (alternative brewing methods),light,beans,Honduras,47.2,100,True,light_drip (alternative brewing methods)
36,Washed,drip (alternative brewing methods),light,beans,Kolumbia,39.2,100,True,light_drip (alternative brewing methods)
37,Carbonic Maceration,drip (alternative brewing methods),light,beans,Gwatemala,96.0,100,True,light_drip (alternative brewing methods)
38,Carbonic Maceration,drip (alternative brewing methods),light,beans,Gwatemala,102.4,100,True,light_drip (alternative brewing methods)
39,Macerated Natural,drip (alternative brewing methods),light,beans,Laos,26.4,100,True,light_drip (alternative brewing methods)
40,Washed,drip (alternative brewing methods),light,beans,Rwanda,38.4,100,True,light_drip (alternative brewing methods)
41,Natural,drip (alternative brewing methods),light,ground,Brazylia,81.82,100,True,light_drip (alternative brewing methods)
42,Natural,drip (alternative brewing methods),light,ground,Brazylia,71.59,100,True,light_drip (alternative brewing methods)
43,Washed,drip (alternative brewing methods),light,ground,Etiopia,90.91,100,True,light_drip (alternative brewing methods)
44,Washed,drip (alternative brewing methods),light,ground,Etiopia,79.55,100,True,light_drip (alternative brewing methods)
45,Natural,drip (alternative brewing methods),light,ground,Honduras,81.82,100,True,light_drip (alternative brewing methods)
46,Natural,drip (alternative brewing methods),light,ground,Honduras,71.59,100,True,light_drip (alternative brewing methods)
47,Washed,drip (alternative brewing methods),light,ground,Kenia,100.0,100,True,light_drip (alternative brewing methods)
48,Washed,drip (alternative brewing methods),light,ground,Kenia,87.5,100,True,light_drip (alternative brewing methods)
49,Red Honey,drip (alternative brewing methods),light,ground,Kolumbia,79.55,100,True,light_drip (alternative brewing methods)
50,Red Honey,drip (alternative brewing methods),light,ground,Indonezja,73.86,100,True,light_drip (alternative brewing methods)
51,Natural,drip (alternative brewing methods),light,beans,Kolumbia,41.6,100,True,light_drip (alternative brewing methods)
52,Washed,drip (alternative brewing methods),light,beans,Kolumbia,29.2,100,True,light_drip (alternative brewing methods)
53,Macerated Natural,drip (alternative brewing methods),light,beans,Peru,44.0,100,True,light_drip (alternative brewing methods)
54,Red Honey,drip (alternative brewing methods),light,beans,Kolumbia,45.0,100,True,light_drip (alternative brewing methods)
55,Washed,drip (alternative brewing methods),light,beans,Kolumbia,48.0,100,True,light_drip (alternative brewing methods)
56,Natural,drip (alternative brewing methods),light,beans,Indonezja,45.0,100,True,light_drip (alternative brewing methods)
57,Washed,drip (alternative brewing methods),light,beans,Peru,42.0,100,True,light_drip (alternative brewing methods)
58,Washed,drip (alternative brewing methods),light,beans,Rwanda,45.0,100,True,light_drip (alternative brewing methods)
60,Washed,drip (alternative brewing methods),light,beans,Etiopia,46.4,100,True,light_drip (alternative brewing methods)
61,Black Honey,drip (alternative brewing methods),light,beans,Etiopia,47.2,100,True,light_drip (alternative brewing methods)
62,Washed,drip (alternative brewing methods),light,beans,Etiopia,42.4,100,True,light_drip (alternative brewing methods)
63,Natural,drip (alternative brewing methods),light,beans,Kolumbia,44.0,100,True,light_drip (alternative brewing methods)
64,Washed,drip (alternative brewing methods),light,beans,Kolumbia,44.0,100,True,light_drip (alternative brewing methods)
65,Natural,drip (alternative brewing methods),light,beans,Brazylia,21.6,100,True,light_drip (alternative brewing methods)
66,Washed,drip (alternative brewing methods),light,beans,Chiny,43.2,100,True,light_drip (alternative brewing methods)
67,Washed,drip (alternative brewing methods),light,beans,Etiopia,40.0,100,True,light_drip (alternative brewing methods)
68,Natural,drip (alternative brewing methods),light,beans,Etiopia,40.0,100,True,light_drip (alternative brewing methods)
69,Washed,drip (alternative brewing methods),light,beans,Gwatemala,40.0,100,True,light_drip (alternative brewing methods)
70,Washed,drip (alternative brewing methods),light,beans,Indonezja,40.0,100,True,light_drip (alternative brewing methods)
71,Washed,drip (alternative brewing methods),light,beans,Kenia,43.2,100,True,light_drip (alternative brewing methods)
72,Washed,drip (alternative brewing methods),light,beans,Mjanma,43.2,100,True,light_drip (alternative brewing methods)
73,Washed,drip (alternative brewing methods),light,beans,Gwatemala,28.0,100,True,light_drip (alternative brewing methods)
74,Washed,drip (alternative brewing methods),light,beans,Kolumbia,32.0,100,True,light_drip (alternative brewing methods)
75,Red Honey,drip (alternative brewing methods),light,beans,Kostaryka,44.0,100,True,light_drip (alternative brewing methods)
76,Washed,drip (alternative brewing methods),light,beans,Rwanda,40.8,100,True,light_drip (alternative brewing methods)
77,Natural,drip (alternative brewing methods),light,beans,Rwanda,56.0,100,True,light_drip (alternative brewing methods)
78,Honey,drip (alternative brewing methods),light,beans,Brazylia,24.0,100,True,light_drip (alternative brewing methods)
79,Pulped natural,drip (alternative brewing methods),light,beans,Brazylia,24.0,100,True,light_drip (alternative brewing methods)
80,Washed,drip (alternative brewing methods),light,beans,Burundi,33.6,100,True,light_drip (alternative brewing methods)
81,Natural,drip (alternative brewing methods),light,beans,Kostaryka,35.2,100,True,light_drip (alternative brewing methods)
82,Washed,drip (alternative brewing methods),light,beans,Gwatemala,24.0,100,True,light_drip (alternative brewing methods)
83,Natural,drip (alternative brewing methods),light,beans,Gwatemala,57.6,100,True,light_drip (alternative brewing methods)
84,Natural,drip (alternative brewing methods),light,beans,Gwatemala,31.2,100,True,light_drip (alternative brewing methods)
85,Honey,drip (alternative brewing methods),light,beans,Honduras,33.6,100,True,light_drip (alternative brewing methods)
86,Washed,drip (alternative brewing methods),light,beans,Indonezja,34.4,100,True,light_drip (alternative brewing methods)
87,Washed,drip (alternative brewing methods),light,beans,Peru,32.0,100,True,light_drip (alternative brewing methods)
88,Washed,drip (alternative brewing methods),light,beans,Etiopia,43.33,100,True,light_drip (alternative brewing methods)
89,Washed,drip (alternative brewing methods),light,beans,Peru,34.67,100,True,light_drip (alternative brewing methods)
90,Macerated Natural,drip (alternative brewing methods),light,beans,Peru,46.67,100,True,light_drip (alternative brewing methods)
91,Natural,drip (alternative brewing methods),light,beans,Peru,44.67,100,True,light_drip (alternative brewing methods)
92,Washed,drip (alternative brewing methods),light,beans,Rwanda,39.33,100,True,light_drip (alternative brewing methods)
93,Natural,drip (alternative brewing methods),light,beans,Brazylia,27.2,100,True,light_drip (alternative brewing methods)
94,Washed,drip (alternative brewing methods),light,beans,Etiopia,40.8,100,True,light_drip (alternative brewing methods)
95,Washed,drip (alternative brewing methods),light,beans,Gwatemala,42.4,100,True,light_drip (alternative brewing methods)
96,Washed,drip (alternative brewing methods),light,beans,Kenia,53.6,100,True,light_drip (alternative brewing methods)
97,Washed,drip (alternative brewing methods),light,beans,Kolumbia,40.0,100,True,light_drip (alternative brewing methods)
98,Natural,drip (alternative brewing methods),light,beans,Rwanda,44.0,100,True,light_drip (alternative brewing methods)
99,Washed,drip (alternative brewing methods),light,beans,Rwanda,44.0,100,True,light_drip (alternative brewing methods)
100,Yellow Bourbon,drip (alternative brewing methods),light,beans,Brazylia,46.4,100,True,light_drip (alternative brewing methods)
101,Natural,drip (alternative brewing methods),light,beans,Salwador,56.0,100,True,light_drip (alternative brewing methods)
102,Red Honey,drip (alternative brewing methods),light,beans,Brazil and others,31.8,100,True,light_drip (alternative brewing methods)
103,Washed,drip (alternative brewing methods),light,beans,Kenia,51.2,100,True,light_drip (alternative brewing methods)
104,Natural,drip (alternative brewing methods),light,beans,Brazylia,39.2,100,True,light_drip (alternative brewing methods)
105,Washed,drip (alternative brewing methods),light,beans,Kolumbia,46.4,100,True,light_drip (alternative brewing methods)
106,Washed,drip (alternative brewing methods),light,beans,Brazylia,38.4,100,True,light_drip (alternative brewing methods)
107,Natural,drip (alternative brewing methods),light,beans,Rwanda,40.0,100,True,light_drip (alternative brewing methods)
108,Natural,drip (alternative brewing methods),light,beans,Rwanda,40.0,100,True,light_drip (alternative brewing methods)
109,Fermentation,drip (alternative brewing methods),light,beans,Brazylia,44.0,100,True,light_drip (alternative brewing methods)
110,Yeast Process,drip (alternative brewing methods),light,beans,Salwador,47.2,100,True,light_drip (alternative brewing methods)
111,Washed,drip (alternative brewing methods),light,beans,Etiopia,48.0,100,True,light_drip (alternative brewing methods)
112,Natural,drip (alternative brewing methods),light,beans,Etiopia,51.2,100,True,light_drip (alternative brewing methods)
113,Yellow Honey,drip (alternative brewing methods),light,beans,Etiopia,51.2,100,True,light_drip (alternative brewing methods)
114,Anaerobic,drip (alternative brewing methods),light,beans,Honduras,51.2,100,True,light_drip (alternative brewing methods)
115,Washed,drip (alternative brewing methods),light,beans,Honduras,54.4,100,True,light_drip (alternative brewing methods)
116,Carbonic Maceration,drip (alternative brewing methods),light,beans,Kolumbia,54.4,100,True,light_drip (alternative brewing methods)
117,Yellow Honey,drip (alternative brewing methods),light,beans,Kostaryka,54.4,100,True,light_drip (alternative brewing methods)
118,Honey,drip (alternative brewing methods),light,beans,Kostaryka,56.0,100,True,light_drip (alternative brewing methods)
119,Natural,drip (alternative brewing methods),light,beans,Meksyk,48.0,100,True,light_drip (alternative brewing methods)
120,Washed,drip (alternative brewing methods),light,beans,Peru,48.0,100,True,light_drip (alternative brewing methods)
121,Red Honey,drip (alternative brewing methods),light,beans,Peru,40.0,100,True,light_drip (alternative brewing methods)
122,Red Honey,drip (alternative brewing methods),light,beans,Brazil and others,21.0,100,True,light_drip (alternative brewing methods)
123,Red Honey,drip (alternative brewing methods),light,beans,Brazil and others,23.2,100,True,light_drip (alternative brewing methods)
124,Washed,drip (alternative brewing methods),light,beans,Etiopia,29.0,100,True,light_drip (alternative brewing methods)
125,Washed,drip (alternative brewing methods),light,beans,Etiopia,32.0,100,True,light_drip (alternative brewing methods)
126,Washed,drip (alternative brewing methods),light,beans,Etiopia,30.8,100,True,light_drip (alternative brewing methods)
127,Pulped natural,drip (alternative brewing methods),light,beans,Rwanda,30.0,100,True,light_drip (alternative brewing methods)
128,Pulped natural,drip (alternative brewing methods),light,beans,Rwanda,32.8,100,True,light_drip (alternative brewing methods)
129,Pulped natural,drip (alternative brewing methods),light,beans,Rwanda,31.6,100,True,light_drip (alternative brewing methods)
130,Red Honey,drip (alternative brewing methods),light,ground,Indonezja,20.0,100,True,light_drip (alternative brewing methods)
131,Yellow Honey,drip (alternative brewing methods),light,beans,Kostaryka,38.08,100,True,light_drip (alternative brewing methods)
132,Washed,drip (alternative brewing methods),light,beans,Gwatemala,41.6,100,True,light_drip (alternative brewing methods)
133,Washed,drip (alternative brewing methods),light,beans,Honduras,33.6,100,True,light_drip (alternative brewing methods)
134,Honey,drip (alternative brewing methods),light,beans,Meksyk,33.6,100,True,light_drip (alternative brewing methods)
135,Anaerobic,drip (alternative brewing methods),light,beans,Kolumbia,63.2,100,True,light_drip (alternative brewing methods)
136,Washed,drip (alternative brewing methods),light,beans,Etiopia,62.4,100,True,light_drip (alternative brewing methods)
137,Natural,drip (alternative brewing methods),light,beans,Etiopia,60.0,100,True,light_drip (alternative brewing methods)
138,Washed,drip (alternative brewing methods),light,beans,Burundi,44.0,100,True,light_drip (alternative brewing methods)
139,Washed,drip (alternative brewing methods),light,beans,Gwatemala,23.2,100,True,light_drip (alternative brewing methods)
140,Washed,drip (alternative brewing methods),light,beans,Etiopia,39.2,100,True,light_drip (alternative brewing methods)
141,Washed,drip (alternative brewing methods),light,beans,Kenia,44.0,100,True,light_drip (alternative brewing methods)
142,Natural,drip (alternative brewing methods),light,beans,Kostaryka,44.0,100,True,light_drip (alternative brewing methods)
143,Honey,drip (alternative brewing methods),light,beans,Kostaryka,79.0,100,True,light_drip (alternative brewing methods)
144,Natural,drip (alternative brewing methods),light,beans,Nikaragua,44.0,100,True,light_drip (alternative brewing methods)
145,Anaerobic,drip (alternative brewing methods),light,beans,Salwador,55.2,100,True,light_drip (alternative brewing methods)
146,Natural,drip (alternative brewing methods),light,beans,Uganda,44.0,100,True,light_drip (alternative brewing methods)
147,Natural,drip (alternative brewing methods),light,beans,Uganda,32.12,100,True,light_drip (alternative brewing methods)
148,Natural,drip (alternative brewing methods),light,beans,Brazylia,45.6,100,True,light_drip (alternative brewing methods)
149,Washed,drip (alternative brewing methods),light,beans,Burundi,44.0,100,True,light_drip (alternative brewing methods)
150,Natural,drip (alternative brewing methods),light,beans,Burundi,48.0,100,True,light_drip (alternative brewing methods)
151,Washed,drip (alternative brewing methods),light,beans,Etiopia,44.8,100,True,light_drip (alternative brewing methods)
152,Washed,drip (alternative brewing methods),light,beans,Kenia,40.0,100,True,light_drip (alternative brewing methods)
153,Natural,drip (alternative brewing methods),light,beans,Kolumbia,60.0,100,True,light_drip (alternative brewing methods)
154,Natural,drip (alternative brewing methods),light,beans,Salwador,40.0,100,True,light_drip (alternative brewing methods)
155,Washed,drip (alternative brewing methods),light,beans,Gwatemala,40.0,100,True,light_drip (alternative brewing methods)
156,Washed,drip (alternative brewing methods),light,beans,Honduras,42.4,100,True,light_drip (alternative brewing methods)
157,Washed,drip (alternative brewing methods),light,beans,Kenia,53.6,100,True,light_drip (alternative brewing methods)
158,Washed,drip (alternative brewing methods),light,beans,Kolumbia,34.4,100,True,light_drip (alternative brewing methods)
159,Natural,drip (alternative brewing methods),light,beans,Brazylia,45.0,100,True,light_drip (alternative brewing methods)
160,Washed,drip (alternative brewing methods),light,beans,Kolumbia,47.0,100,True,light_drip (alternative brewing methods)
161,Washed,drip (alternative brewing methods),light,beans,Etiopia,38.0,100,True,light_drip (alternative brewing methods)
162,Anaerobic,drip (alternative brewing methods),light,beans,Kolumbia,78.4,100,True,light_drip (alternative brewing methods)
163,Aged,drip (alternative brewing methods),light,beans,Kolumbia,69.3,100,True,light_drip (alternative brewing methods)
164,Macerated Natural,drip (alternative brewing methods),light,beans,Honduras,52.8,100,True,light_drip (alternative brewing methods)
165,Macerated Natural,drip (alternative brewing methods),light,beans,Honduras,52.8,100,True,light_drip (alternative brewing methods)
166,Anaerobic,drip (alternative brewing methods),light,beans,Salwador,88.0,100,True,light_drip (alternative brewing methods)
167,Washed,drip (alternative brewing methods),light,beans,Boliwia,58.4,100,True,light_drip (alternative brewing methods)
168,Natural,drip (alternative brewing methods),light,beans,Panama,75.0,100,True,light_drip (alternative brewing methods)
169,Washed,drip (alternative brewing methods),light,beans,Kolumbia,89.0,100,True,light_drip (alternative brewing methods)
170,Washed,drip (alternative brewing methods),light,beans,Kolumbia,82.0,100,True,light_drip (alternative brewing methods)
171,Experimental,drip (alternative brewing methods),light,beans,Brazylia,73.0,100,True,light_drip (alternative brewing methods)
172,Natural,drip (alternative brewing methods),light,beans,Burundi,48.0,100,True,light_drip (alternative brewing methods)
173,Washed,drip (alternative brewing methods),light,beans,Kolumbia,46.4,100,True,light_drip (alternative brewing methods)
174,Yeast Process,drip (alternative brewing methods),light,beans,Salwador,52.0,100,True,light_drip (alternative brewing methods)
175,Natural,drip (alternative brewing methods),light,beans,Rwanda,48.0,100,True,light_drip (alternative brewing methods)
176,Pulped natural,drip (alternative brewing methods),medium,beans,Brazylia,26.4,100,True,medium_drip (alternative brewing methods)
177,Washed,drip (alternative brewing methods),light,beans,Kostaryka,47.2,100,True,light_drip (alternative brewing methods)
178,Natural,drip (alternative brewing methods),light,beans,Etiopia,39.2,100,True,light_drip (alternative brewing methods)
179,Washed,drip (alternative brewing methods),light,beans,Peru,40.0,100,True,light_drip (alternative brewing methods)
180,Washed,drip (alternative brewing methods),light,beans,Etiopia,47.2,100,True,light_drip (alternative brewing methods)
181,Washed,drip (alternative brewing methods),light,beans,Etiopia,33.04,100,True,light_drip (alternative brewing methods)
182,Natural,drip (alternative brewing methods),light,beans,Indonezja,54.4,100,True,light_drip (alternative brewing methods)
183,Washed,drip (alternative brewing methods),light,beans,Etiopia,47.2,100,True,light_drip (alternative brewing methods)
184,Anaerobic,drip (alternative brewing methods),light,beans,Honduras,46.4,100,True,light_drip (alternative brewing methods)
185,Hybrid,drip (alternative brewing methods),light,beans,Kolumbia,48.0,100,True,light_drip (alternative brewing methods)
186,Natural,drip (alternative brewing methods),light,beans,Rwanda,46.4,100,True,light_drip (alternative brewing methods)
187,Washed,drip (alternative brewing methods),light,beans,Etiopia,36.0,100,True,light_drip (alternative brewing methods)
188,Washed,drip (alternative brewing methods),light,beans,Gwatemala,36.0,100,True,light_drip (alternative brewing methods)
189,Washed,drip (alternative brewing methods),light,beans,Honduras,32.8,100,True,light_drip (alternative brewing methods)
190,Washed,drip (alternative brewing methods),light,beans,Kenia,39.2,100,True,light_drip (alternative brewing methods)
191,Honey,drip (alternative brewing methods),light,beans,Kostaryka,36.0,100,True,light_drip (alternative brewing methods)
192,Natural,drip (alternative brewing methods),light,beans,Nikaragua,36.0,100,True,light_drip (alternative brewing methods)
193,Washed,drip (alternative brewing methods),light,beans,Kolumbia,54.4,100,True,light_drip (alternative brewing methods)
194,Washed,drip (alternative brewing methods),light,beans,Etiopia,33.6,100,True,light_drip (alternative brewing methods)
195,Washed,drip (alternative brewing methods),light,beans,Gwatemala,44.0,100,True,light_drip (alternative brewing methods)
196,Natural,drip (alternative brewing methods),light,beans,Brazylia,26.4,100,True,light_drip (alternative brewing methods)
197,Aged,drip (alternative brewing methods),light,beans,Kolumbia,51.2,100,True,light_drip (alternative brewing methods)
198,Washed,drip (alternative brewing methods),medium,beans,Salwador,33.6,100,True,medium_drip (alternative brewing methods)
199,Natural,drip (alternative brewing methods),medium,beans,Sumatra,31.6,100,True,medium_drip (alternative brewing methods)
200,Washed,drip (alternative brewing methods),light,beans,Gwatemala,33.6,100,True,light_drip (alternative brewing methods)
201,Washed,drip (alternative brewing methods),light,beans,Kenia,39.0,100,True,light_drip (alternative brewing methods)
202,Washed,drip (alternative brewing methods),light,beans,Rwanda,40.0,100,True,light_drip (alternative brewing methods)
203,Natural,drip (alternative brewing methods),light,beans,Rwanda,47.2,100,True,light_drip (alternative brewing methods)
204,Red Honey,drip (alternative brewing methods),light,ground,Etiopia,120.0,100,True,light_drip (alternative brewing methods)
205,Red Honey,drip (alternative brewing methods),light,ground,Etiopia,102.86,100,True,light_drip (alternative brewing methods)
206,Red Honey,drip (alternative brewing methods),light,ground,Etiopia,120.0,100,True,light_drip (alternative brewing methods)
207,Red Honey,drip (alternative brewing methods),light,ground,Etiopia,102.86,100,True,light_drip (alternative brewing methods)
208,Red Honey,drip (alternative brewing methods),light,ground,Kolumbia,120.0,100,True,light_drip (alternative brewing methods)
209,Red Honey,drip (alternative brewing methods),light,ground,Kolumbia,102.86,100,True,light_drip (alternative brewing methods)
210,Red Honey,drip (alternative brewing methods),light,ground,Kolumbia,82.29,100,True,light_drip (alternative brewing methods)
211,Natural,drip (alternative brewing methods),light,beans,Brazylia,52.38,100,True,light_drip (alternative brewing methods)
212,Washed,drip (alternative brewing methods),light,beans,Burundi,52.0,100,True,light_drip (alternative brewing methods)
213,Washed,drip (alternative brewing methods),light,beans,Gwatemala,49.6,100,True,light_drip (alternative brewing methods)
214,Honey,drip (alternative brewing methods),light,beans,Nikaragua,52.8,100,True,light_drip (alternative brewing methods)
215,Natural,drip (alternative brewing methods),light,ground,Etiopia,130.91,100,True,light_drip (alternative brewing methods)
216,Washed,drip (alternative brewing methods),light,beans,Kenia,60.0,100,True,light_drip (alternative brewing methods)
217,Natural,drip (alternative brewing methods),light,beans,Nikaragua,60.0,100,True,light_drip (alternative brewing methods)
218,Natural,drip (alternative brewing methods),light,beans,Panama,115.2,100,True,light_drip (alternative brewing methods)
219,Natural,drip (alternative brewing methods),light,beans,Etiopia,87.2,100,True,light_drip (alternative brewing methods)
220,Natural,drip (alternative brewing methods),light,beans,Etiopia,144.0,100,True,light_drip (alternative brewing methods)
221,Carbonic Maceration,drip (alternative brewing methods),light,beans,Brazylia,46.4,100,True,light_drip (alternative brewing methods)
222,Natural,drip (alternative brewing methods),light,beans,Brazylia,37.6,100,True,light_drip (alternative brewing methods)
223,Washed,drip (alternative brewing methods),light,beans,Etiopia,46.4,100,True,light_drip (alternative brewing methods)
224,Advanced,drip (alternative brewing methods),medium,beans,Indie,36.8,100,True,medium_drip (alternative brewing methods)
225,Washed,drip (alternative brewing methods),light,beans,Peru,43.2,100,True,light_drip (alternative brewing methods)
226,Washed,drip (alternative brewing methods),light,beans,Rwanda,42.4,100,True,light_drip (alternative brewing methods)
227,Natural,drip (alternative brewing methods),light,beans,Brazylia,57.5,100,True,light_drip (alternative brewing methods)
228,Washed,drip (alternative brewing methods),light,beans,Kenia,60.0,100,True,light_drip (alternative brewing methods)
229,Washed,drip (alternative brewing methods),light,beans,Honduras,52.8,100,True,light_drip (alternative brewing methods)
230,Washed,drip (alternative brewing methods),light,beans,Kenia,55.2,100,True,light_drip (alternative brewing methods)
231,Washed,drip (alternative brewing methods),light,beans,Kenia,63.2,100,True,light_drip (alternative brewing methods)
232,Washed,drip (alternative brewing methods),light,beans,Peru,40.8,100,True,light_drip (alternative brewing methods)
233,Washed,drip (alternative brewing methods),light,beans,Kenia,50.4,100,True,light_drip (alternative brewing methods)
234,Natural,drip (alternative brewing methods),light,beans,Kolumbia,50.4,100,True,light_drip (alternative brewing methods)
235,Washed,drip (alternative brewing methods),light,beans,Mixed origin,27.0,100,True,light_drip (alternative brewing methods)
236,Washed,drip (alternative brewing methods),light,beans,Kenia,46.4,100,True,light_drip (alternative brewing methods)
237,Washed,drip (alternative brewing methods),light,beans,Rwanda,43.2,100,True,light_drip (alternative brewing methods)
238,Washed,drip (alternative brewing methods),light,beans,Kolumbia,34.72,100,True,light_drip (alternative brewing methods)
239,Washed,drip (alternative brewing methods),light,beans,Kolumbia,34.72,100,True,light_drip (alternative brewing methods)
240,Red Honey,drip (alternative brewing methods),light,beans,Indie,35.84,100,True,light_drip (alternative brewing methods)
241,Washed,drip (alternative brewing methods),light,beans,Rwanda,31.36,100,True,light_drip (alternative brewing methods)
242,Washed,drip (alternative brewing methods),light,beans,Gwatemala,44.0,100,True,light_drip (alternative brewing methods)
243,Natural,drip (alternative brewing methods),light,beans,Nikaragua,43.2,100,True,light_drip (alternative brewing methods)
244,Washed,drip (alternative brewing methods),light,beans,Rwanda,48.0,100,True,light_drip (alternative brewing methods)
245,Washed,drip (alternative brewing methods),light,beans,Gwatemala,33.0,100,True,light_drip (alternative brewing methods)
246,Washed,drip (alternative brewing methods),light,beans,Kolumbia,51.2,100,True,light_drip (alternative brewing methods)
247,Natural,drip (alternative brewing methods),light,beans,Nikaragua,34.56,100,True,light_drip (alternative brewing methods)
248,Natural,drip (alternative brewing methods),light,ground,Honduras,57.27,100,True,light_drip (alternative brewing methods)
249,Natural,drip (alternative brewing methods),light,beans,Rwanda,52.8,100,True,light_drip (alternative brewing methods)
250,Washed,drip (alternative brewing methods),light,beans,Rwanda,45.6,100,True,light_drip (alternative brewing methods)
251,Anaerobic,drip (alternative brewing methods),light,beans,Brazylia,48.0,100,True,light_drip (alternative brewing methods)
252,Washed,drip (alternative brewing methods),light,beans,Honduras,38.4,100,True,light_drip (alternative brewing methods)
253,Washed,drip (alternative brewing methods),light,beans,Kenia,40.0,100,True,light_drip (alternative brewing methods)
254,Washed,drip (alternative brewing methods),light,beans,Kenia,41.6,100,True,light_drip (alternative brewing methods)
255,Washed,drip (alternative brewing methods),light,beans,Kenia,45.6,100,True,light_drip (alternative brewing methods)
256,Washed,drip (alternative brewing methods),light,beans,Kenia,40.0,100,True,light_drip (alternative brewing methods)
257,Washed,drip (alternative brewing methods),light,beans,Peru,35.2,100,True,light_drip (alternative brewing methods)
258,Natural,drip (alternative brewing methods),light,beans,Kolumbia,33.28,100,True,light_drip (alternative brewing methods)
259,Washed,drip (alternative brewing methods),light,beans,Mixed origin,28.8,100,True,light_drip (alternative brewing methods)
260,Natural,drip (alternative brewing methods),light,beans,Kolumbia,45.0,100,True,light_drip (alternative brewing methods)
261,Washed,drip (alternative brewing methods),light,beans,Kolumbia,42.0,100,True,light_drip (alternative brewing methods)
262,Honey,drip (alternative brewing methods),light,beans,Salwador,45.0,100,True,light_drip (alternative brewing methods)
263,Washed,drip (alternative brewing methods),light,beans,Rwanda,43.0,100,True,light_drip (alternative brewing methods)
264,Natural,drip (alternative brewing methods),light,beans,Indonezja,31.5,100,True,light_drip (alternative brewing methods)
265,Natural,drip (alternative brewing methods),light,beans,Brazylia,39.2,100,True,light_drip (alternative brewing methods)
266,Natural,drip (alternative brewing methods),light,beans,Chiny,47.2,100,True,light_drip (alternative brewing methods)
267,Washed,drip (alternative brewing methods),light,beans,Etiopia,49.6,100,True,light_drip (alternative brewing methods)
268,Honey,drip (alternative brewing methods),light,beans,Burundi,39.2,100,True,light_drip (alternative brewing methods)
269,Washed,drip (alternative brewing methods),light,beans,Etiopia,40.8,100,True,light_drip (alternative brewing methods)
270,Washed,drip (alternative brewing methods),light,beans,Kenia,41.6,100,True,light_drip (alternative brewing methods)
271,Anaerobic,drip (alternative brewing methods),light,beans,Rwanda,40.8,100,True,light_drip (alternative brewing methods)
272,Natural,drip (alternative brewing methods),light,beans,Etiopia,40.0,100,True,light_drip (alternative brewing methods)
273,Washed,drip (alternative brewing methods),light,beans,Indie,27.2,0,False,light_drip (alternative brewing methods)
274,Washed,drip (alternative brewing methods),light,beans,Kostaryka,27.6,100,True,light_drip (alternative brewing methods)
275,Natural,drip (alternative brewing methods),light,beans,Meksyk,27.6,100,True,light_drip (alternative brewing methods)
276,Washed,drip (alternative brewing methods),light,beans,Nikaragua,36.8,100,True,light_drip (alternative brewing methods)
277,Natural,drip (alternative brewing methods),light,beans,Brazylia,28.8,100,True,light_drip (alternative brewing methods)
278,Washed,drip (alternative brewing methods),light,beans,Etiopia,28.0,100,True,light_drip (alternative brewing methods)
279,Washed,drip (alternative brewing methods),light,beans,Gwatemala,28.0,100,True,light_drip (alternative brewing methods)
280,Natural,drip (alternative brewing methods),light,beans,Etiopia,47.2,100,True,light_drip (alternative brewing methods)
281,Washed,drip (alternative brewing methods),light,beans,Kenia,46.4,100,True,light_drip (alternative brewing methods)
282,Natural,drip (alternative brewing methods),light,beans,Peru,47.2,100,True,light_drip (alternative brewing methods)
283,Washed,drip (alternative brewing methods),light,beans,Peru,45.6,100,True,light_drip (alternative brewing methods)
284,Washed,drip (alternative brewing methods),light,beans,Rwanda,45.6,100,True,light_drip (alternative brewing methods)
285,Natural,drip (alternative brewing methods),light,beans,Peru,35.4,100,True,light_drip (alternative brewing methods)
286,Washed,drip (alternative brewing methods),light,beans,Peru,34.2,100,True,light_drip (alternative brewing methods)
287,Washed,drip (alternative brewing methods),light,beans,Rwanda,34.2,100,True,light_drip (alternative brewing methods)
288,Natural,drip (alternative brewing methods),light,beans,Salwador,32.0,100,True,light_drip (alternative brewing methods)
289,Red Honey,drip (alternative brewing methods),light,beans,Salwador,31.2,100,True,light_drip (alternative brewing methods)
290,Honey,drip (alternative brewing methods),light,beans,Salwador,34.4,100,True,light_drip (alternative brewing methods)
291,Natural,drip (alternative brewing methods),light,beans,Etiopia,31.2,100,True,light_drip (alternative brewing methods)
292,Washed,drip (alternative brewing methods),light,beans,Gwatemala,49.6,100,True,light_drip (alternative brewing methods)
293,Washed,drip (alternative brewing methods),light,beans,Meksyk,25.6,100,True,light_drip (alternative brewing methods)
294,Natural,drip (alternative brewing methods),light,beans,Mjanma,33.6,100,True,light_drip (alternative brewing methods)
295,Natural,drip (alternative brewing methods),light,beans,Kostaryka,26.4,100,True,light_drip (alternative brewing methods)
296,Honey,drip (alternative brewing methods),light,beans,Salwador,25.8,100,True,light_drip (alternative brewing methods)
297,Natural,drip (alternative brewing methods),light,beans,Gwatemala,23.4,100,True,light_drip (alternative brewing methods)
298,Honey,drip (alternative brewing methods),light,beans,Honduras,25.2,100,True,light_drip (alternative brewing methods)
299,Natural,drip (alternative brewing methods),light,beans,Rwanda,39.33,100,True,light_drip (alternative brewing methods)
300,Natural,drip (alternative brewing methods),light,beans,Kolumbia,60.0,100,True,light_drip (alternative brewing methods)
301,Natural,drip (alternative brewing methods),light,beans,Kolumbia,39.0,100,True,light_drip (alternative brewing methods)
302,Natural,drip (alternative brewing methods),light,beans,Kostaryka,36.0,100,True,light_drip (alternative brewing methods)
303,Washed,drip (alternative brewing methods),light,beans,Rwanda,33.0,100,True,light_drip (alternative brewing methods)
304,Natural,drip (alternative brewing methods),light,beans,Etiopia,56.0,100,True,light_drip (alternative brewing methods)
305,Washed,drip (alternative brewing methods),light,beans,Kenia,65.6,100,True,light_drip (alternative brewing methods)
306,Natural,drip (alternative brewing methods),light,beans,Salwador,53.6,100,True,light_drip (alternative brewing methods)
307,Natural,drip (alternative brewing methods),light,beans,Etiopia,46.4,100,True,light_drip (alternative brewing methods)
308,Washed,drip (alternative brewing methods),light,beans,Kolumbia,37.12,100,True,light_drip (alternative brewing methods)
309,Natural,drip (alternative brewing methods),light,beans,Salwador,37.52,100,True,light_drip (alternative brewing methods)
310,Honey,drip (alternative brewing methods),light,beans,Brazylia,33.6,100,True,light_drip (alternative brewing methods)
311,Washed,drip (alternative brewing methods),light,beans,Demokratyczna Republika Konga,37.6,100,True,light_drip (alternative brewing methods)
312,Red Honey,drip (alternative brewing methods),light,beans,Etiopia,37.6,100,True,light_drip (alternative brewing methods)
313,Natural,drip (alternative brewing methods),light,beans,Etiopia,40.8,100,True,light_drip (alternative brewing methods)
314,Washed,drip (alternative brewing methods),light,beans,Kolumbia,40.0,100,True,light_drip (alternative brewing methods)
315,Natural,drip (alternative brewing methods),light,beans,Papua Nowa Gwinea,36.0,100,True,light_drip (alternative brewing methods)
316,Washed,drip (alternative brewing methods),light,beans,Tanzania,36.0,100,True,light_drip (alternative brewing methods)
317,Natural,drip (alternative brewing methods),light,beans,Honduras,26.4,100,True,light_drip (alternative brewing methods)
318,Pulped natural,drip (alternative brewing methods),light,beans,Brazylia,31.2,100,True,light_drip (alternative brewing methods)
319,Fermentation,drip (alternative brewing methods),light,beans,Brazylia,44.0,100,True,light_drip (alternative brewing methods)
320,Anaerobic,drip (alternative brewing methods),light,beans,Gwatemala,52.0,100,True,light_drip (alternative brewing methods)
321,Red Honey,drip (alternative brewing methods),light,beans,Honduras,42.4,100,True,light_drip (alternative brewing methods)
322,Washed,drip (alternative brewing methods),light,beans,Peru,23.2,100,True,light_drip (alternative brewing methods)
323,Washed,drip (alternative brewing methods),light,beans,Boliwia,37.96,100,True,light_drip (alternative brewing methods)
324,Natural,drip (alternative brewing methods),light,beans,Boliwia,54.4,100,True,light_drip (alternative brewing methods)
325,Washed,drip (alternative brewing methods),light,beans,Honduras,38.08,100,True,light_drip (alternative brewing methods)
326,Natural,drip (alternative brewing methods),light,beans,Kolumbia,35.84,100,True,light_drip (alternative brewing methods)
327,Washed,drip (alternative brewing methods),light,beans,Peru,33.6,100,True,light_drip (alternative brewing methods)
329,Washed,drip (alternative brewing methods),light,beans,Kenia,48.0,100,True,light_drip (alternative brewing methods)
330,Washed,drip (alternative brewing methods),light,beans,Kolumbia,33.6,100,True,light_drip (alternative brewing methods)
331,Washed,drip (alternative brewing methods),light,beans,Gwatemala,34.56,100,True,light_drip (alternative brewing methods)
332,Washed,drip (alternative brewing methods),light,beans,Gwatemala,48.0,100,True,light_drip (alternative brewing methods)
333,Macerated Natural,drip (alternative brewing methods),light,beans,Laos,60.0,100,True,light_drip (alternative brewing methods)
334,Honey,drip (alternative brewing methods),light,beans,Kostaryka,59.25,100,True,light_drip (alternative brewing methods)
335,Washed,drip (alternative brewing methods),light,beans,Peru,27.0,100,True,light_drip (alternative brewing methods)
336,Anaerobic,drip (alternative brewing methods),light,beans,Salwador,40.28,100,True,light_drip (alternative brewing methods)
337,Natural,drip (alternative brewing methods),light,beans,Meksyk,68.0,100,True,light_drip (alternative brewing methods)
338,Pulped natural,drip (alternative brewing methods),medium,beans,Brazil and others,24.8,100,True,medium_drip (alternative brewing methods)
339,Honey,drip (alternative brewing methods),light,beans,Brazylia,45.6,100,True,light_drip (alternative brewing methods)
340,Anaerobic,drip (alternative brewing methods),light,beans,Burundi,51.2,100,True,light_drip (alternative brewing methods)
341,Washed,drip (alternative brewing methods),light,beans,Salwador,54.4,100,True,light_drip (alternative brewing methods)
342,Washed,drip (alternative brewing methods),light,beans,Kostaryka,36.0,100,True,light_drip (alternative brewing methods)
343,Natural,drip (alternative brewing methods),light,beans,Etiopia,55.2,100,True,light_drip (alternative brewing methods)
344,Washed,drip (alternative brewing methods),light,beans,Gwatemala,38.0,100,True,light_drip (alternative brewing methods)
345,Fermentation,drip (alternative brewing methods),light,beans,Indonezja,62.0,100,True,light_drip (alternative brewing methods)
346,Carbonic Maceration,drip (alternative brewing methods),light,beans,Gwatemala,128.0,100,True,light_drip (alternative brewing methods)
347,Carbonic Maceration,drip (alternative brewing methods),light,beans,Gwatemala,128.0,100,True,light_drip (alternative brewing methods)
348,Washed,drip (alternative brewing methods),light,beans,Kolumbia,64.0,100,True,light_drip (alternative brewing methods)
349,Washed,drip (alternative brewing methods),light,beans,Kolumbia,80.0,100,True,light_drip (alternative brewing methods)
350,Natural,drip (alternative brewing methods),light,beans,Salwador,60.0,100,True,light_drip (alternative brewing methods)
351,Natural,drip (alternative brewing methods),light,beans,Panama,80.0,100,True,light_drip (alternative brewing methods)
352,Natural,drip (alternative brewing methods),light,beans,Kostaryka,65.6,100,True,light_drip (alternative brewing methods)
353,Aged,drip (alternative brewing methods),light,beans,Kolumbia,99.0,100,True,light_drip (alternative brewing methods)
354,Anaerobic,drip (alternative brewing methods),light,beans,Kolumbia,90.0,100,True,light_drip (alternative brewing methods)
355,Anaerobic,drip (alternative brewing methods),light,beans,Kolumbia,112.0,100,True,light_drip (alternative brewing methods)
356,Anaerobic,drip (alternative brewing methods),light,beans,Salwador,49.6,100,True,light_drip (alternative brewing methods)
357,Anaerobic,drip (alternative brewing methods),light,beans,Salwador,37.2,100,True,light_drip (alternative brewing methods)
358,Washed,drip (alternative brewing methods),light,beans,Gwatemala,36.8,100,True,light_drip (alternative brewing methods)
359,Washed,drip (alternative brewing methods),light,beans,Rwanda,36.8,100,True,light_drip (alternative brewing methods)
360,Washed,drip (alternative brewing methods),light,beans,Tanzania,31.2,100,True,light_drip (alternative brewing methods)
361,Washed,drip (alternative brewing methods),light,beans,Gwatemala,36.0,100,True,light_drip (alternative brewing methods)
362,Washed,drip (alternative brewing methods),light,beans,Rwanda,40.8,100,True,light_drip (alternative brewing methods)
363,Washed,drip (alternative brewing methods),light,beans,Gwatemala,25.2,100,True,light_drip (alternative brewing methods)
364,Washed,drip (alternative brewing methods),light,beans,Rwanda,28.56,100,True,light_drip (alternative brewing methods)
365,Washed,drip (alternative brewing methods),light,beans,Burundi,51.2,100,True,light_drip (alternative brewing methods)
366,Washed,drip (alternative brewing methods),light,beans,Kenia,52.8,100,True,light_drip (alternative brewing methods)
367,Natural,drip (alternative brewing methods),light,beans,Boliwia,55.2,100,True,light_drip (alternative brewing methods)
368,Washed,drip (alternative brewing methods),light,beans,Etiopia,52.8,100,True,light_drip (alternative brewing methods)
369,Washed,drip (alternative brewing methods),light,beans,Gwatemala,50.4,100,True,light_drip (alternative brewing methods)
370,Washed,drip (alternative brewing methods),light,beans,Kolumbia,52.8,100,True,light_drip (alternative brewing methods)
371,Washed,drip (alternative brewing methods),light,beans,Salwador,55.2,100,True,light_drip (alternative brewing methods)
372,Washed,drip (alternative brewing methods),light,beans,Etiopia,60.0,100,True,light_drip (alternative brewing methods)
373,Washed,drip (alternative brewing methods),light,beans,Gwatemala,36.0,100,True,light_drip (alternative brewing methods)
374,Washed,drip (alternative brewing methods),light,beans,Gwatemala,36.0,100,True,light_drip (alternative brewing methods)
375,Washed,drip (alternative brewing methods),light,beans,Kenia,36.0,100,True,light_drip (alternative brewing methods)
376,Anaerobic,drip (alternative brewing methods),light,beans,Kolumbia,48.0,100,True,light_drip (alternative brewing methods)
377,Natural,drip (alternative brewing methods),light,beans,Etiopia,38.4,100,True,light_drip (alternative brewing methods)
378,Washed,drip (alternative brewing methods),light,beans,Kenia,40.0,100,True,light_drip (alternative brewing methods)
379,Natural,drip (alternative brewing methods),light,beans,Kostaryka,36.0,100,True,light_drip (alternative brewing methods)
380,Washed,drip (alternative brewing methods),light,beans,Etiopia,31.5,100,True,light_drip (alternative brewing methods)
382,Natural,drip (alternative brewing methods),light,beans,Brazylia,35.2,100,True,light_drip (alternative brewing methods)
383,Natural,"drip, espresso",dark,beans,Panama,29.6,100,True,"dark_drip, espresso"
384,Natural,"drip, espresso",medium,beans,Gwatemala,31.6,100,True,"medium_drip, espresso"
385,Pulped natural,"drip, espresso",medium,ground,Burundi,22.0,100,True,"medium_drip, espresso"
386,Natural,"drip, espresso",medium,beans,Etiopia,45.6,100,True,"medium_drip, espresso"
387,Pulped natural,"drip, espresso",medium,ground,Burundi,28.8,100,True,"medium_drip, espresso"
388,Pulped natural,"drip, espresso",medium,ground,Burundi,19.2,100,True,"medium_drip, espresso"
389,Natural,"drip, espresso",medium,beans,Gwatemala,19.2,100,True,"medium_drip, espresso"
390,Natural,"drip, espresso",medium,beans,Gwatemala,22.0,100,True,"medium_drip, espresso"
391,Washed,"drip, espresso",medium,beans,Honduras,36.0,100,True,"medium_drip, espresso"
392,Natural,"drip, espresso",light,beans,Brazylia,44.8,100,True,"light_drip, espresso"
393,Natural,"drip, espresso",medium,beans,Brazylia,44.8,100,True,"medium_drip, espresso"
394,Natural,"drip, espresso",medium,beans,Brazylia,38.4,100,True,"medium_drip, espresso"
395,Washed,"drip, espresso",medium,beans,Kolumbia,47.2,100,True,"medium_drip, espresso"
396,Washed,"drip, espresso",light,beans,Malawi,54.4,100,True,"light_drip, espresso"
397,Washed,"drip, espresso",light,beans,Rwanda,48.0,100,True,"light_drip, espresso"
398,Natural,"drip, espresso",medium,beans,Brazylia,49.6,100,True,"medium_drip, espresso"
399,Washed,"drip, espresso",medium,beans,Gwatemala,39.2,100,True,"medium_drip, espresso"
400,Natural,"drip, espresso",medium,beans,Brazylia,22.4,100,True,"medium_drip, espresso"
401,Washed,"drip, espresso",medium,beans,Gwatemala,25.6,100,True,"medium_drip, espresso"
402,Advanced,"drip, espresso",medium,beans,Indonezja,28.0,100,True,"medium_drip, espresso"
403,Washed,"drip, espresso",medium,beans,Meksyk,33.6,100,True,"medium_drip, espresso"
404,Washed,"drip, espresso",medium,beans,Kolumbia,40.8,100,True,"medium_drip, espresso"
405,Natural,"drip, espresso",medium,beans,Kolumbia,45.6,100,True,"medium_drip, espresso"
406,Washed,"drip, espresso",medium,beans,Etiopia,47.2,100,True,"medium_drip, espresso"
407,Natural,"drip, espresso",medium,beans,Rwanda,51.2,100,True,"medium_drip, espresso"
408,Macerated Natural,"drip, espresso",medium,beans,Gwatemala,52.8,100,True,"medium_drip, espresso"
409,Natural,"drip, espresso",medium,beans,Brazylia,52.0,100,True,"medium_drip, espresso"
410,Washed,"drip, espresso",light,beans,Burundi,66.4,100,True,"light_drip, espresso"
411,Washed,"drip, espresso",light,beans,Kolumbia,61.6,100,True,"light_drip, espresso"
412,Natural,"drip, espresso",light,beans,Brazylia,145.33,100,True,"light_drip, espresso"
413,Experimental,"drip, espresso",medium,beans,Salwador,68.0,100,True,"medium_drip, espresso"
414,Pulped natural,"drip, espresso",medium,beans,Brazylia,37.6,100,True,"medium_drip, espresso"
415,Washed,"drip, espresso",medium,beans,Kenia,50.4,100,True,"medium_drip, espresso"
416,Natural,"drip, espresso",medium,beans,Rwanda,51.2,100,True,"medium_drip, espresso"
417,Anaerobic,"drip, espresso",medium,beans,Kolumbia,104.3,100,True,"medium_drip, espresso"
418,Natural,"drip, espresso",dark,beans,Panama,29.96,100,True,"dark_drip, espresso"
419,Natural,"drip, espresso",medium,beans,Gwatemala,29.6,100,True,"medium_drip, espresso"
420,Natural,"drip, espresso",medium,beans,Gwatemala,17.8,100,True,"medium_drip, espresso"
421,Washed,"drip, espresso",medium,beans,Honduras,47.2,100,True,"medium_drip, espresso"
422,Washed,"drip, espresso",medium,beans,Honduras,28.8,100,True,"medium_drip, espresso"
423,Washed,"drip, espresso",medium,beans,Etiopia,48.0,100,True,"medium_drip, espresso"
424,Washed,"drip, espresso",medium,beans,Kolumbia,45.6,100,True,"medium_drip, espresso"
425,Natural,"drip, espresso",medium,beans,Kostaryka,59.2,100,True,"medium_drip, espresso"
426,Yellow Honey,"drip, espresso",medium,beans,Kostaryka,59.2,100,True,"medium_drip, espresso"
427,Natural,"drip, espresso",light,beans,Etiopia,64.5,100,True,"light_drip, espresso"
428,Red Honey,"drip, espresso",medium,beans,Mixed origin,35.2,100,True,"medium_drip, espresso"
429,Black Honey,"drip, espresso",medium,beans,Gwatemala,43.2,100,True,"medium_drip, espresso"
430,Natural,"drip, espresso",medium,beans,Brazylia,25.6,100,True,"medium_drip, espresso"
431,Washed,"drip, espresso",medium,beans,Kolumbia,21.6,100,True,"medium_drip, espresso"
432,Washed,"drip, espresso",medium,beans,Gwatemala,19.2,100,True,"medium_drip, espresso"
433,Washed,"drip, espresso",light,beans,Kenia,48.0,100,True,"light_drip, espresso"
434,Anaerobic,"drip, espresso",medium,beans,Brazylia,41.6,100,True,"medium_drip, espresso"
435,Washed,"drip, espresso",medium,beans,Kolumbia,49.6,100,True,"medium_drip, espresso"
436,Natural,"drip, espresso",medium,beans,Kolumbia,46.4,100,True,"medium_drip, espresso"
437,Washed,"drip, espresso",medium,beans,Nikaragua,42.12,100,True,"medium_drip, espresso"
438,Washed,"drip, espresso",medium,beans,Burundi,53.6,100,True,"medium_drip, espresso"
439,Natural,"drip, espresso",medium,beans,Brazylia,39.2,100,True,"medium_drip, espresso"
440,Honey,"drip, espresso",medium,beans,Gwatemala,49.6,100,True,"medium_drip, espresso"
441,Natural,"drip, espresso",medium,beans,Gwatemala,58.4,100,True,"medium_drip, espresso"
442,Washed,"drip, espresso",medium,beans,Kenia,56.0,100,True,"medium_drip, espresso"
443,Washed,"drip, espresso",medium,beans,Rwanda,49.6,100,True,"medium_drip, espresso"
444,Honey,"drip, espresso",medium,beans,Indonezja,45.6,100,True,"medium_drip, espresso"
445,Washed,"drip, espresso",medium,beans,Etiopia,65.6,100,True,"medium_drip, espresso"
446,Natural,"drip, espresso",medium,beans,Etiopia,78.4,100,True,"medium_drip, espresso"
447,Anaerobic,"drip, espresso",medium,beans,Kolumbia,149.0,100,True,"medium_drip, espresso"
448,Hybrid,"drip, espresso",medium,beans,Kolumbia,64.0,100,True,"medium_drip, espresso"
449,Black Honey,"drip, espresso",medium,beans,Salwador,46.4,100,True,"medium_drip, espresso"
450,Natural,"drip, espresso",medium,beans,Salwador,59.0,100,True,"medium_drip, espresso"
451,Washed,"drip, espresso",medium,beans,Etiopia,36.8,100,True,"medium_drip, espresso"
452,Black Honey,"drip, espresso",medium,beans,Salwador,34.8,100,True,"medium_drip, espresso"
453,Fermentation,"drip, espresso",medium,beans,Brazylia,40.0,100,True,"medium_drip, espresso"
454,Natural,"drip, espresso",medium,beans,Rwanda,33.6,100,True,"medium_drip, espresso"
455,Natural,espresso,medium,beans,Uganda,27.8,100,True,medium_espresso
456,Natural,espresso,medium,beans,Uganda,34.4,100,True,medium_espresso
457,Pulped natural,espresso,medium,beans,Chiny,31.6,100,True,medium_espresso
458,Red Honey,espresso,medium,beans,Italy,19.8,85,False,medium_espresso
459,Red Honey,espresso,medium,beans,Italy,25.6,85,False,medium_espresso
460,Pulped natural,espresso,medium,beans,Chiny,26.0,100,True,medium_espresso
461,Natural,espresso,medium,beans,Kostaryka,15.8,50,False,medium_espresso
462,Natural,espresso,medium,beans,Italy,19.8,75,False,medium_espresso
463,Natural,espresso,medium,beans,Italy,25.52,75,False,medium_espresso
464,Pulped natural,espresso,medium,beans,Chiny,25.0,100,True,medium_espresso
465,Pulped natural,espresso,medium,beans,Chiny,28.8,100,True,medium_espresso
466,Washed,espresso,medium,beans,Peru,30.0,100,True,medium_espresso
467,Red Honey,espresso,medium,ground,Burundi,28.0,100,True,medium_espresso
468,Pulped natural,espresso,medium,beans,Chiny,21.8,100,True,medium_espresso
469,Washed,espresso,medium,beans,Italy,23.2,100,True,medium_espresso
470,Natural,espresso,medium,beans,Brazylia,24.0,100,True,medium_espresso
471,Washed,espresso,medium,beans,Chiny,24.0,100,True,medium_espresso
472,Washed,espresso,medium,beans,Chiny,24.8,100,True,medium_espresso
473,Washed,espresso,medium,beans,Peru,31.6,100,True,medium_espresso
474,Washed,espresso,medium,beans,Peru,40.0,100,True,medium_espresso
475,Natural,espresso,medium,beans,Brazylia,20.8,100,True,medium_espresso
476,Red Honey,espresso,dark,beans,Honduras,18.4,100,True,dark_espresso
477,Pulped natural,espresso,medium,beans,Indonezja,19.68,100,True,medium_espresso
478,Red Honey,espresso,dark,beans,Honduras,23.12,100,True,dark_espresso
479,Red Honey,espresso,dark,beans,Honduras,23.92,100,True,dark_espresso
480,Red Honey,espresso,dark,beans,Honduras,17.8,100,True,dark_espresso
481,Natural,espresso,medium,beans,Kostaryka,27.6,60,False,medium_espresso
482,Pulped natural,espresso,medium,beans,Brazil and others,32.0,100,True,medium_espresso
483,Natural,espresso,dark,beans,Indie,12.98,80,False,dark_espresso
484,Red Honey,espresso,dark,beans,Honduras,15.98,100,True,dark_espresso
485,Natural,espresso,medium,beans,Brazylia,21.8,100,True,medium_espresso
486,Natural,espresso,medium,beans,Brazylia,22.4,100,True,medium_espresso
487,Natural,espresso,medium,beans,Brazylia,25.8,100,True,medium_espresso
488,Natural,espresso,medium,beans,Brazylia,28.0,100,True,medium_espresso
489,Natural,espresso,medium,beans,Brazil and others,29.6,100,True,medium_espresso
490,Red Honey,espresso,dark,beans,Italy,19.98,100,True,dark_espresso
491,Red Honey,espresso,dark,beans,Honduras,17.98,100,True,dark_espresso
492,Washed,espresso,medium,beans,Mixed origin,37.6,100,True,medium_espresso
493,Natural,espresso,dark,beans,Panama,18.4,60,False,dark_espresso
494,Natural,espresso,medium,beans,Brazylia,25.6,100,True,medium_espresso
495,Washed,espresso,medium,beans,Gwatemala,26.0,100,True,medium_espresso
496,Washed,espresso,medium,beans,Gwatemala,28.0,100,True,medium_espresso
497,Washed,espresso,medium,beans,Gwatemala,20.8,100,True,medium_espresso
498,Red Honey,espresso,dark,ground,Brazylia,15.96,100,True,dark_espresso
499,Pulped natural,espresso,dark,ground,Brazil and others,28.0,80,False,dark_espresso
500,Red Honey,espresso,dark,beans,Honduras,23.8,100,True,dark_espresso
501,Pulped natural,espresso,dark,beans,Mjanma,13.8,75,False,dark_espresso
502,Pulped natural,espresso,dark,beans,Mjanma,11.8,75,False,dark_espresso
503,Pulped natural,espresso,dark,beans,Mjanma,14.0,75,False,dark_espresso
504,Natural,espresso,dark,beans,Panama,22.0,90,False,dark_espresso
505,Washed,espresso,dark,ground,Gwatemala,15.2,100,True,dark_espresso
506,Red Honey,espresso,dark,beans,Honduras,25.0,100,True,dark_espresso
507,Red Honey,espresso,dark,beans,Honduras,22.8,100,True,dark_espresso
508,Red Honey,espresso,dark,beans,Honduras,23.6,100,True,dark_espresso
509,Red Honey,espresso,medium,beans,Mixed origin,17.8,100,True,medium_espresso
510,Red Honey,espresso,medium,beans,Mixed origin,20.0,100,True,medium_espresso
511,Pulped natural,espresso,medium,beans,Brazylia,21.8,100,True,medium_espresso
512,Pulped natural,espresso,medium,beans,Brazylia,25.6,100,True,medium_espresso
513,Washed,espresso,medium,beans,Kolumbia,19.0,100,True,medium_espresso
514,Washed,espresso,medium,beans,Kolumbia,21.6,100,True,medium_espresso
515,Natural,espresso,medium,beans,Etiopia,17.8,100,True,medium_espresso
516,Natural,espresso,medium,beans,Etiopia,20.0,100,True,medium_espresso
517,Washed,espresso,medium,beans,Etiopia,24.0,100,True,medium_espresso
518,Washed,espresso,medium,beans,Etiopia,28.0,100,True,medium_espresso
519,Natural,espresso,medium,beans,Brazil and others,24.0,100,True,medium_espresso
520,Natural,espresso,medium,beans,Brazil and others,28.0,100,True,medium_espresso
521,Natural,espresso,medium,beans,Mixed origin,19.0,100,True,medium_espresso
522,Natural,espresso,medium,beans,Brazil and others,21.6,100,True,medium_espresso
523,Natural,espresso,dark,beans,Mixed origin,19.0,100,True,dark_espresso
524,Natural,espresso,dark,beans,Mixed origin,21.6,100,True,dark_espresso
525,Natural,espresso,medium,beans,Brazil and others,17.28,100,True,medium_espresso
526,Pulped natural,espresso,medium,beans,Chiny,31.8,100,True,medium_espresso
527,Red Honey,espresso,dark,beans,Brazil and others,29.8,100,True,dark_espresso
528,Red Honey,espresso,dark,beans,Brazil and others,31.2,100,True,dark_espresso
529,Pulped natural,espresso,medium,beans,Brazylia,25.0,100,True,medium_espresso
530,Pulped natural,espresso,medium,beans,Brazylia,31.2,100,True,medium_espresso
531,Natural,espresso,medium,ground,Brazylia,31.2,100,True,medium_espresso
532,Natural,espresso,medium,beans,Brazylia,19.8,100,True,medium_espresso
533,Natural,espresso,medium,beans,Brazylia,22.4,100,True,medium_espresso
534,Red Honey,espresso,dark,beans,Brazil and others,17.6,80,False,dark_espresso
535,Red Honey,espresso,dark,beans,Brazil and others,19.2,80,False,dark_espresso
536,Red Honey,espresso,dark,beans,Brazil and others,18.4,80,False,dark_espresso
537,Red Honey,espresso,medium,beans,Mixed origin,23.8,100,True,medium_espresso
538,Red Honey,espresso,medium,beans,Mixed origin,25.6,100,True,medium_espresso
539,Red Honey,espresso,medium,beans,Mixed origin,24.8,100,True,medium_espresso
540,Natural,espresso,medium,beans,Brazylia,19.0,100,True,medium_espresso
541,Natural,espresso,medium,beans,Brazylia,20.4,100,True,medium_espresso
542,Natural,espresso,medium,beans,Brazylia,25.8,100,True,medium_espresso
543,Natural,espresso,medium,beans,Brazylia,28.8,100,True,medium_espresso
544,Washed,espresso,medium,beans,Gwatemala,25.2,100,True,medium_espresso
545,Hybrid,espresso,medium,beans,Etiopia,31.0,100,True,medium_espresso
546,Hybrid,espresso,medium,beans,Etiopia,33.6,100,True,medium_espresso
547,Pulped natural,espresso,medium,beans,Brazil and others,23.6,100,True,medium_espresso
548,Pulped natural,espresso,medium,beans,Brazil and others,25.6,100,True,medium_espresso
549,Pulped natural,espresso,medium,beans,Brazil and others,24.0,100,True,medium_espresso
550,Washed,espresso,medium,beans,Gwatemala,45.24,100,True,medium_espresso
551,Red Honey,espresso,dark,beans,Brazylia,23.2,100,True,dark_espresso
552,Washed,espresso,dark,beans,Kolumbia,28.0,100,True,dark_espresso
553,Red Honey,espresso,dark,beans,Etiopia,23.92,100,True,dark_espresso
554,Washed,espresso,dark,beans,Gwatemala,23.92,100,True,dark_espresso
555,Washed,espresso,dark,ground,Gwatemala,23.12,100,True,dark_espresso
556,Washed,espresso,dark,ground,Gwatemala,23.12,100,True,dark_espresso
557,Washed,espresso,dark,ground,Gwatemala,23.92,100,True,dark_espresso
558,Red Honey,espresso,dark,beans,Honduras,23.92,100,True,dark_espresso
559,Washed,espresso,dark,ground,Gwatemala,23.92,100,True,dark_espresso
560,Red Honey,espresso,dark,beans,Honduras,23.12,100,True,dark_espresso
561,Natural,espresso,dark,beans,Panama,22.32,92,False,dark_espresso
562,Natural,espresso,dark,beans,Panama,17.8,92,False,dark_espresso
563,Natural,espresso,dark,beans,Panama,19.18,90,False,dark_espresso
564,Washed,espresso,dark,ground,Gwatemala,15.92,100,True,dark_espresso
565,Washed,espresso,dark,ground,Gwatemala,14.32,100,True,dark_espresso
566,Red Honey,espresso,dark,beans,Honduras,12.98,100,True,dark_espresso
567,Red Honey,espresso,dark,beans,Honduras,14.32,100,True,dark_espresso
568,Pulped natural,espresso,dark,ground,Kenia,11.92,50,False,dark_espresso
569,Natural,espresso,dark,beans,Panama,10.98,50,False,dark_espresso
570,Natural,espresso,dark,beans,Panama,11.92,50,False,dark_espresso
571,Pulped natural,espresso,dark,ground,Brazil and others,12.72,80,False,dark_espresso
572,Natural,espresso,dark,beans,Indie,12.98,80,False,dark_espresso
573,Natural,espresso,dark,beans,Indie,13.52,80,False,dark_espresso
574,Natural,espresso,dark,beans,Panama,7.8,50,False,dark_espresso
575,Red Honey,espresso,dark,beans,Honduras,13.98,100,True,dark_espresso
576,Natural,espresso,dark,beans,Laos,13.98,70,False,dark_espresso
577,Natural,espresso,dark,beans,Panama,15.4,90,False,dark_espresso
578,Natural,espresso,medium,beans,Etiopia,31.8,100,True,medium_espresso
579,Natural,espresso,medium,beans,Etiopia,39.2,100,True,medium_espresso
580,Pulped natural,espresso,medium,beans,Chiny,13.8,100,True,medium_espresso
581,Pulped natural,espresso,medium,beans,Indonezja,12.38,100,True,medium_espresso
582,Pulped natural,espresso,medium,beans,Chiny,12.38,100,True,medium_espresso
583,Pulped natural,espresso,medium,beans,Indonezja,12.38,100,True,medium_espresso
584,Pulped natural,espresso,medium,beans,Indonezja,12.38,100,True,medium_espresso
585,Pulped natural,espresso,medium,beans,Chiny,12.98,100,True,medium_espresso
586,Pulped natural,espresso,medium,beans,Chiny,12.76,100,True,medium_espresso
587,Natural,espresso,dark,beans,Panama,9.58,50,False,dark_espresso
588,Natural,espresso,dark,beans,Panama,10.4,40,False,dark_espresso
589,Washed,espresso,dark,ground,Gwatemala,11.12,0,False,dark_espresso
590,Natural,espresso,dark,beans,Panama,10.98,60,False,dark_espresso
591,Red Honey,espresso,dark,beans,Honduras,10.98,100,True,dark_espresso
592,Washed,espresso,dark,ground,Gwatemala,15.92,100,True,dark_espresso
593,Washed,espresso,dark,ground,Gwatemala,15.92,100,True,dark_espresso
594,Red Honey,espresso,dark,beans,Honduras,13.58,100,True,dark_espresso
595,Red Honey,espresso,dark,ground,Indonezja,11.92,40,False,dark_espresso
596,Natural,espresso,dark,beans,Panama,11.92,40,False,dark_espresso
597,Natural,espresso,dark,beans,Panama,11.96,40,False,dark_espresso
598,Natural,espresso,dark,beans,Panama,9.98,40,False,dark_espresso
599,Natural,espresso,dark,beans,Panama,12.98,90,False,dark_espresso
600,Red Honey,espresso,dark,beans,Brazil and others,19.98,78,False,dark_espresso
601,Natural,espresso,dark,beans,Panama,18.4,85,False,dark_espresso
602,Natural,espresso,dark,beans,Panama,23.92,85,False,dark_espresso
603,Washed,espresso,dark,beans,Peru,23.92,100,True,dark_espresso
604,Natural,espresso,dark,beans,Salwador,35.8,100,True,dark_espresso
605,Natural,espresso,dark,beans,Salwador,41.6,100,True,dark_espresso
606,Washed,espresso,dark,beans,Etiopia,28.72,100,True,dark_espresso
607,Washed,espresso,dark,ground,Etiopia,28.72,100,True,dark_espresso
608,Washed,espresso,dark,beans,Etiopia,26.36,100,True,dark_espresso
609,Washed,espresso,dark,beans,Mixed origin,23.98,100,True,dark_espresso
610,Washed,espresso,dark,beans,Mixed origin,26.36,100,True,dark_espresso
611,Washed,espresso,dark,beans,Mixed origin,19.98,75,False,dark_espresso
612,Red Honey,espresso,dark,beans,Brazylia,20.2,100,True,dark_espresso
613,Natural,espresso,dark,beans,Salwador,37.36,100,True,dark_espresso
614,Washed,espresso,dark,ground,Gwatemala,23.92,100,True,dark_espresso
615,Red Honey,espresso,dark,beans,Honduras,23.92,100,True,dark_espresso
616,Pulped natural,espresso,dark,ground,Brazil and others,23.92,80,False,dark_espresso
617,Natural,espresso,dark,beans,Indie,23.92,80,False,dark_espresso
618,Natural,espresso,dark,beans,Panama,13.98,60,False,dark_espresso
619,Natural,espresso,dark,beans,Panama,21.8,90,False,dark_espresso
620,Natural,espresso,dark,beans,Panama,11.0,60,False,dark_espresso
621,Natural,espresso,dark,beans,Panama,16.4,55,False,dark_espresso
622,Washed,espresso,dark,ground,Gwatemala,24.8,100,True,dark_espresso
623,Natural,espresso,dark,beans,Panama,19.8,60,False,dark_espresso
624,Natural,espresso,medium,beans,Kostaryka,13.98,70,False,medium_espresso
625,Natural,espresso,medium,beans,Kostaryka,11.58,80,False,medium_espresso
626,Natural,espresso,medium,beans,Kostaryka,12.8,80,False,medium_espresso
627,Pulped natural,espresso,medium,ground,Honduras,15.12,70,False,medium_espresso
628,Pulped natural,espresso,medium,ground,Honduras,11.36,60,False,medium_espresso
629,Red Honey,espresso,medium,ground,Burundi,23.92,100,True,medium_espresso
630,Washed,espresso,dark,ground,Gwatemala,19.92,100,True,dark_espresso
631,Pulped natural,espresso,medium,beans,Brazil and others,27.2,100,True,medium_espresso
632,Red Honey,espresso,dark,beans,Honduras,39.2,100,True,dark_espresso
633,Natural,espresso,medium,beans,Rwanda,22.9,100,True,medium_espresso
634,Red Honey,espresso,dark,beans,Honduras,135.2,100,True,dark_espresso
635,Natural,espresso,dark,beans,Panama,59.88,40,False,dark_espresso
636,Natural,espresso,dark,beans,Panama,71.88,60,False,dark_espresso
637,Natural,espresso,dark,beans,Panama,59.88,40,False,dark_espresso
638,Natural,espresso,dark,beans,Panama,87.6,90,False,dark_espresso
639,Natural,espresso,medium,beans,Chiny,27.0,100,True,medium_espresso
640,Pulped natural,espresso,medium,beans,Chiny,26.0,100,True,medium_espresso
641,Pulped natural,espresso,medium,beans,Chiny,23.8,100,True,medium_espresso
642,Pulped natural,espresso,medium,beans,Chiny,22.8,100,True,medium_espresso
643,Red Honey,espresso,medium,beans,Mixed origin,29.8,100,True,medium_espresso
644,Natural,espresso,medium,beans,Brazylia,22.4,100,True,medium_espresso
645,Natural,espresso,medium,beans,Brazylia,19.8,100,True,medium_espresso
646,Washed,espresso,dark,ground,Gwatemala,16.8,0,False,dark_espresso
647,Natural,espresso,dark,beans,Panama,18.0,50,False,dark_espresso
648,Washed,espresso,dark,ground,Gwatemala,15.2,100,True,dark_espresso
649,Red Honey,espresso,medium,ground,Burundi,13.6,100,True,medium_espresso
650,Washed,espresso,dark,ground,Gwatemala,13.6,0,False,dark_espresso
651,Pulped natural,espresso,dark,ground,Kenia,16.8,50,False,dark_espresso
652,Natural,espresso,dark,beans,Panama,18.0,50,False,dark_espresso
653,Natural,espresso,dark,beans,Panama,13.18,30,False,dark_espresso
654,Red Honey,espresso,dark,beans,Honduras,17.98,100,True,dark_espresso
655,Natural,espresso,dark,beans,Panama,15.98,60,False,dark_espresso
656,Pulped natural,espresso,dark,beans,Mjanma,17.18,75,False,dark_espresso
657,Natural,espresso,dark,beans,Panama,11.98,10,False,dark_espresso
658,Natural,espresso,medium,beans,Brazylia,32.0,100,True,medium_espresso
659,Pulped natural,espresso,medium,beans,Chiny,27.2,100,True,medium_espresso
660,Washed,espresso,medium,beans,Chiny,28.0,100,True,medium_espresso
661,Washed,espresso,medium,beans,Kolumbia,25.6,100,True,medium_espresso
662,Natural,espresso,medium,beans,Brazylia,20.4,100,True,medium_espresso
663,Natural,espresso,medium,beans,Brazylia,18.4,100,True,medium_espresso
664,Natural,espresso,medium,beans,Brazylia,21.6,100,True,medium_espresso
665,Natural,espresso,medium,beans,Brazylia,21.8,100,True,medium_espresso
666,Natural,espresso,medium,beans,Brazylia,20.0,100,True,medium_espresso
667,Natural,espresso,medium,beans,Brazylia,18.6,100,True,medium_espresso
668,Pulped natural,espresso,medium,beans,Brazylia,21.6,100,True,medium_espresso
669,Pulped natural,espresso,medium,beans,Brazylia,20.4,100,True,medium_espresso
670,Honey,espresso,medium,beans,Kostaryka,36.0,100,True,medium_espresso
671,Pulped natural,espresso,dark,beans,Mjanma,25.0,75,False,dark_espresso
672,Pulped natural,espresso,medium,beans,Brazil and others,25.6,100,True,medium_espresso
673,Pulped natural,espresso,medium,beans,Brazil and others,21.8,100,True,medium_espresso
674,Pulped natural,espresso,medium,beans,Brazil and others,24.0,100,True,medium_espresso
675,Washed,espresso,dark,beans,Gwatemala,27.2,100,True,dark_espresso
676,Natural,espresso,medium,beans,Uganda,28.0,100,True,medium_espresso
677,Pulped natural,espresso,medium,beans,Brazil and others,22.0,100,True,medium_espresso
678,Natural,espresso,medium,beans,Brazil and others,24.0,100,True,medium_espresso
679,Natural,espresso,medium,beans,Brazylia,26.0,100,True,medium_espresso
680,Natural,espresso,medium,beans,Brazylia,26.4,100,True,medium_espresso
681,Hybrid,espresso,medium,beans,Brazil and others,32.0,100,True,medium_espresso
682,Red Honey,espresso,medium,beans,Mixed origin,20.8,100,True,medium_espresso
683,Red Honey,espresso,medium,beans,Mixed origin,28.8,100,True,medium_espresso
684,Washed,espresso,medium,beans,Gwatemala,25.2,100,True,medium_espresso
685,Washed,espresso,medium,beans,Gwatemala,28.8,100,True,medium_espresso
686,Natural,espresso,medium,beans,Brazylia,20.8,100,True,medium_espresso
687,Natural,espresso,dark,beans,Brazylia,19.0,100,True,dark_espresso
688,Natural,espresso,dark,beans,Brazylia,20.8,100,True,dark_espresso
689,Washed,espresso,medium,beans,Gwatemala,24.0,100,True,medium_espresso
690,Washed,espresso,medium,beans,Gwatemala,26.4,100,True,medium_espresso
691,Washed,espresso,medium,ground,Gwatemala,26.4,100,True,medium_espresso
692,Red Honey,espresso,dark,beans,Brazil and others,20.0,100,True,dark_espresso
693,Red Honey,espresso,dark,beans,Brazil and others,22.4,100,True,dark_espresso
694,Red Honey,espresso,dark,beans,Honduras,19.78,100,True,dark_espresso
695,Natural,espresso,dark,beans,Panama,11.8,92,False,dark_espresso
696,Natural,espresso,dark,beans,Indie,9.98,80,False,dark_espresso
697,Washed,espresso,medium,beans,Gwatemala,40.0,100,True,medium_espresso
698,Natural,espresso,medium,beans,Gwatemala,33.6,100,True,medium_espresso
699,Natural,espresso,dark,beans,Panama,15.98,65,False,dark_espresso
700,Natural,espresso,dark,beans,Panama,12.9,35,False,dark_espresso
701,Natural,espresso,medium,beans,Brazylia,23.8,100,True,medium_espresso
702,Natural,espresso,medium,beans,Brazylia,24.0,100,True,medium_espresso
703,Natural,espresso,medium,beans,Brazylia,27.2,100,True,medium_espresso
704,Washed,espresso,medium,beans,Brazylia,23.8,100,True,medium_espresso
705,Washed,espresso,medium,beans,Brazylia,27.2,100,True,medium_espresso
706,Washed,espresso,medium,beans,Peru,39.2,100,True,medium_espresso
707,Washed,espresso,dark,ground,Gwatemala,14.32,100,True,dark_espresso
708,Red Honey,espresso,dark,beans,Honduras,13.56,100,True,dark_espresso
709,Washed,espresso,dark,ground,Gwatemala,12.72,100,True,dark_espresso
710,Red Honey,espresso,dark,beans,Honduras,16.0,100,True,dark_espresso
711,Red Honey,espresso,dark,beans,Honduras,13.6,100,True,dark_espresso
712,Red Honey,espresso,dark,beans,Brazylia,15.0,100,True,dark_espresso
713,Red Honey,espresso,dark,beans,Brazylia,13.98,70,False,dark_espresso
714,Washed,espresso,dark,beans,Kolumbia,15.0,100,True,dark_espresso
715,Pulped natural,espresso,dark,beans,Nikaragua,14.6,100,True,dark_espresso
716,Natural,espresso,dark,beans,Salwador,40.4,100,True,dark_espresso
717,Natural,espresso,dark,beans,Etiopia,38.0,100,True,dark_espresso
718,Red Honey,espresso,dark,beans,Etiopia,31.8,100,True,dark_espresso
719,Red Honey,espresso,dark,beans,Etiopia,39.2,100,True,dark_espresso
720,Washed,espresso,dark,beans,Kolumbia,37.6,100,True,dark_espresso
721,Washed,espresso,dark,beans,Kolumbia,36.0,100,True,dark_espresso
722,Washed,espresso,dark,beans,Peru,28.8,100,True,dark_espresso
723,Washed,espresso,dark,ground,Gwatemala,19.92,100,True,dark_espresso
724,Pulped natural,espresso,medium,beans,Chiny,21.8,100,True,medium_espresso
725,Natural,espresso,medium,beans,Brazylia,24.0,100,True,medium_espresso
726,Washed,espresso,medium,beans,Kolumbia,24.0,100,True,medium_espresso
727,Red Honey,espresso,dark,beans,Honduras,21.0,100,True,dark_espresso
728,Red Honey,espresso,dark,beans,Honduras,27.0,100,True,dark_espresso
729,Natural,espresso,medium,beans,Kostaryka,14.98,80,False,medium_espresso
730,Washed,espresso,medium,beans,Mixed origin,38.4,100,True,medium_espresso
731,Natural,espresso,medium,beans,Etiopia,56.0,100,True,medium_espresso
732,Natural,espresso,medium,beans,Etiopia,47.6,100,True,medium_espresso
733,Pulped natural,espresso,medium,beans,Brazil and others,30.0,100,True,medium_espresso
734,Washed,espresso,medium,beans,Kolumbia,35.2,100,True,medium_espresso
735,Pulped natural,espresso,medium,beans,Brazil and others,24.8,60,False,medium_espresso
736,Pulped natural,espresso,dark,beans,Brazylia,37.6,100,True,dark_espresso
737,Washed,espresso,medium,beans,Gwatemala,25.2,100,True,medium_espresso
738,Washed,espresso,medium,beans,Kolumbia,51.2,100,True,medium_espresso
739,Natural,espresso,medium,beans,Brazylia,23.2,100,True,medium_espresso
740,Washed,espresso,medium,beans,Kolumbia,23.2,100,True,medium_espresso
741,Washed,espresso,dark,ground,Gwatemala,135.2,100,True,dark_espresso
742,Natural,espresso,dark,beans,Laos,11.98,70,False,dark_espresso
743,Natural,espresso,dark,beans,Panama,14.4,60,False,dark_espresso
744,Washed,espresso,dark,ground,Gwatemala,13.6,30,False,dark_espresso
745,Red Honey,espresso,dark,ground,Kenia,23.2,70,False,dark_espresso
746,Natural,espresso,dark,beans,Laos,19.0,70,False,dark_espresso
747,Washed,espresso,dark,ground,Gwatemala,25.6,100,True,dark_espresso
748,Red Honey,espresso,dark,beans,Honduras,21.8,100,True,dark_espresso
749,Natural,espresso,medium,beans,Kostaryka,15.98,90,False,medium_espresso
750,Red Honey,espresso,medium,beans,Mixed origin,31.6,100,True,medium_espresso
751,Natural,espresso,medium,beans,Kolumbia,29.6,85,False,medium_espresso
752,Washed,espresso,dark,beans,Brazylia,23.92,100,True,dark_espresso
753,Washed,espresso,medium,beans,Gwatemala,44.0,100,True,medium_espresso
754,Pulped natural,espresso,medium,beans,Chiny,19.5,100,True,medium_espresso
755,Washed,espresso,medium,beans,Peru,30.0,100,True,medium_espresso
756,Natural,espresso,medium,beans,Kostaryka,15.96,60,False,medium_espresso
757,Natural,espresso,medium,beans,Kostaryka,19.96,80,False,medium_espresso
758,Natural,espresso,medium,beans,Brazil and others,29.8,100,True,medium_espresso
759,Red Honey,espresso,medium,ground,Burundi,15.92,100,True,medium_espresso
760,Pulped natural,espresso,medium,beans,Chiny,37.6,100,True,medium_espresso
761,Pulped natural,espresso,medium,beans,Brazil and others,37.6,100,True,medium_espresso
762,Red Honey,espresso,dark,beans,Honduras,25.2,100,True,dark_espresso
763,Red Honey,espresso,dark,beans,Honduras,25.6,100,True,dark_espresso
764,Red Honey,espresso,medium,beans,Mixed origin,16.0,100,True,medium_espresso
765,Pulped natural,espresso,medium,beans,Brazylia,19.62,100,True,medium_espresso
766,Pulped natural,espresso,medium,beans,Brazylia,19.2,100,True,medium_espresso
767,Washed,espresso,medium,beans,Kolumbia,14.25,100,True,medium_espresso
768,Natural,espresso,medium,beans,Etiopia,12.46,100,True,medium_espresso
769,Natural,espresso,medium,beans,Etiopia,17.0,100,True,medium_espresso
770,Washed,espresso,medium,beans,Etiopia,19.6,100,True,medium_espresso
771,Natural,espresso,medium,beans,Brazil and others,16.8,100,True,medium_espresso
772,Natural,espresso,medium,beans,Brazil and others,21.0,100,True,medium_espresso
773,Natural,espresso,medium,beans,Mixed origin,15.2,100,True,medium_espresso
774,Natural,espresso,medium,beans,Brazylia,19.8,100,True,medium_espresso
775,Natural,espresso,medium,beans,Brazylia,23.2,100,True,medium_espresso
776,Red Honey,espresso,medium,beans,Mixed origin,16.66,100,True,medium_espresso
777,Natural,espresso,medium,beans,Brazylia,20.64,100,True,medium_espresso
778,Natural,espresso,dark,beans,Panama,27.6,84,False,dark_espresso
779,Pulped natural,espresso,dark,ground,Kolumbia,17.6,95,False,dark_espresso
780,Pulped natural,espresso,dark,ground,Kolumbia,15.2,95,False,dark_espresso
781,Red Honey,espresso,dark,ground,Kenia,17.6,70,False,dark_espresso
782,Pulped natural,espresso,dark,ground,Brazil and others,15.12,80,False,dark_espresso
783,Pulped natural,espresso,medium,beans,Brazylia,15.0,100,True,medium_espresso
784,Pulped natural,espresso,medium,beans,Chiny,14.32,100,True,medium_espresso
785,Natural,espresso,dark,beans,Panama,11.0,40,False,dark_espresso
786,Natural,espresso,medium,beans,Kostaryka,11.0,30,False,medium_espresso
787,Pulped natural,espresso,medium,beans,Indonezja,15.0,100,True,medium_espresso
788,Natural,espresso,dark,beans,Laos,12.98,70,False,dark_espresso
789,Red Honey,espresso,dark,ground,Kostaryka,9.8,0,False,dark_espresso
790,Red Honey,espresso,dark,beans,Kostaryka,9.8,30,False,dark_espresso
791,Washed,espresso,dark,beans,Brazylia,23.92,100,True,dark_espresso
792,Natural,espresso,dark,beans,Etiopia,39.2,100,True,dark_espresso
793,Red Honey,espresso,dark,beans,Mixed origin,23.92,100,True,dark_espresso
794,Washed,espresso,dark,beans,Mixed origin,23.92,75,False,dark_espresso
795,Natural,espresso,dark,beans,Indie,17.98,80,False,dark_espresso
796,Natural,espresso,dark,beans,Panama,13.98,40,False,dark_espresso
797,Red Honey,espresso,dark,beans,Honduras,21.0,100,True,dark_espresso
798,Red Honey,espresso,dark,beans,Honduras,24.32,100,True,dark_espresso
799,Natural,espresso,medium,beans,Kostaryka,21.8,80,False,medium_espresso
800,Pulped natural,espresso,dark,ground,Demokratyczna Republika Konga,14.32,90,False,dark_espresso
801,Red Honey,espresso,dark,beans,Honduras,33.8,100,True,dark_espresso
802,Red Honey,espresso,dark,beans,Honduras,23.66,100,True,dark_espresso
803,Pulped natural,espresso,medium,beans,Brazil and others,20.8,100,True,medium_espresso
804,Natural,espresso,medium,beans,Brazylia,20.8,100,True,medium_espresso
805,Red Honey,espresso,dark,beans,Honduras,71.88,100,True,dark_espresso
806,Natural,espresso,dark,beans,Panama,74.29,60,False,dark_espresso
807,Experimental,espresso,medium,beans,Uganda,29.6,100,True,medium_espresso
808,Washed,espresso,dark,ground,Gwatemala,16.8,0,False,dark_espresso
809,Washed,espresso,dark,ground,Gwatemala,16.8,0,False,dark_espresso
810,Natural,espresso,medium,beans,Brazylia,20.0,100,True,medium_espresso
811,Pulped natural,espresso,dark,ground,Brazil and others,24.0,80,False,dark_espresso
812,Natural,espresso,medium,beans,Brazylia,32.8,100,True,medium_espresso
813,Natural,espresso,medium,beans,Brazylia,24.6,100,True,medium_espresso
814,Red Honey,espresso,dark,beans,Honduras,28.0,100,True,dark_espresso
815,Pulped natural,espresso,medium,beans,Brazil and others,22.2,100,True,medium_espresso
816,Red Honey,espresso,medium,beans,Mixed origin,20.16,100,True,medium_espresso
817,Natural,espresso,medium,beans,Gwatemala,35.2,100,True,medium_espresso
818,Pulped natural,espresso,medium,beans,Brazil and others,42.4,100,True,medium_espresso
819,Natural,espresso,dark,beans,Indie,14.76,80,False,dark_espresso
820,Natural,espresso,dark,beans,Panama,11.58,60,False,dark_espresso
821,Red Honey,espresso,dark,beans,Mixed origin,13.98,100,True,dark_espresso
822,Red Honey,espresso,dark,beans,Honduras,28.0,100,True,dark_espresso
823,Washed,espresso,dark,ground,Brazylia,28.8,100,True,dark_espresso
824,Red Honey,espresso,dark,beans,Brazil and others,24.8,78,False,dark_espresso
825,Pulped natural,espresso,dark,ground,Demokratyczna Republika Konga,27.2,85,False,dark_espresso
826,Washed,espresso,dark,ground,Brazylia,28.8,100,True,dark_espresso
827,Washed,espresso,dark,beans,Brazylia,26.8,100,True,dark_espresso
828,Red Honey,espresso,dark,beans,Brazil and others,23.8,100,True,dark_espresso
829,Red Honey,espresso,dark,beans,Brazil and others,28.0,100,True,dark_espresso
830,Washed,espresso,dark,ground,Peru,30.4,100,True,dark_espresso
831,Washed,espresso,dark,beans,Mixed origin,24.8,75,False,dark_espresso
832,Red Honey,espresso,dark,beans,Brazylia,28.0,100,True,dark_espresso
833,Washed,espresso,medium,beans,Burundi,46.4,100,True,medium_espresso
834,Washed,espresso,medium,beans,Kolumbia,45.6,100,True,medium_espresso
835,Anaerobic,espresso,medium,beans,Kolumbia,49.6,100,True,medium_espresso
836,Natural,espresso,medium,beans,Brazylia,18.0,100,True,medium_espresso
837,Pulped natural,espresso,dark,ground,Kenia,15.2,55,False,dark_espresso
838,Red Honey,espresso,medium,beans,Laos,34.4,0,False,medium_espresso
839,Pulped natural,espresso,medium,beans,Brazil and others,32.0,100,True,medium_espresso
840,Washed,espresso,medium,beans,Kolumbia,36.0,100,True,medium_espresso
841,Washed,espresso,medium,beans,Kolumbia,25.2,100,True,medium_espresso
842,Natural,espresso,medium,beans,Etiopia,39.2,100,True,medium_espresso
843,Natural,espresso,medium,beans,Brazylia,29.6,100,True,medium_espresso
844,Washed,espresso,medium,beans,Papua Nowa Gwinea,41.6,100,True,medium_espresso
845,Washed,espresso,medium,beans,Gwatemala,33.6,100,True,medium_espresso
846,Pulped natural,espresso,medium,beans,Brazil and others,18.0,100,True,medium_espresso
847,Natural,espresso,medium,beans,Brazylia,18.0,100,True,medium_espresso
848,Washed,espresso,medium,beans,Kolumbia,46.4,100,True,medium_espresso
849,Washed,espresso,medium,beans,Meksyk,50.4,100,True,medium_espresso
850,Natural,espresso,dark,beans,Panama,22.4,90,False,dark_espresso
851,Pulped natural,espresso,medium,beans,Chiny,23.92,100,True,medium_espresso
852,Natural,espresso,medium,beans,Kostaryka,20.72,80,False,medium_espresso
853,Natural,espresso,medium,beans,Kostaryka,19.98,80,False,medium_espresso
854,Washed,espresso,dark,ground,Gwatemala,20.72,100,True,dark_espresso
855,Washed,espresso,dark,ground,Gwatemala,15.92,100,True,dark_espresso
856,Pulped natural,"drip, espresso",light,beans,Italy,18.17,0,False,"light_drip, espresso"
857,Pulped natural,"drip, espresso",light,beans,Italy,16.5,0,False,"light_drip, espresso"
858,Pulped natural,"drip, espresso",light,beans,Italy,18.17,0,False,"light_drip, espresso"
859,Anaerobic,drip (alternative brewing methods),light,beans,Brazylia,45.6,100,True,light_drip (alternative brewing methods)
860,Washed,espresso,dark,ground,Gwatemala,23.92,100,True,dark_espresso
861,Natural,espresso,light,beans,Panama,39.0,40,False,light_espresso
862,Washed,"drip, espresso",light,beans,Gwatemala,73.33,100,True,"light_drip, espresso"
863,Natural,espresso,light,beans,Panama,50.0,40,False,light_espresso
864,Macerated Natural,drip (alternative brewing methods),light,beans,Nikaragua,36.0,100,True,light_drip (alternative brewing methods)
865,Washed,drip (alternative brewing methods),light,beans,Gwatemala,25.0,100,True,light_drip (alternative brewing methods)
866,Washed,drip (alternative brewing methods),light,beans,Gwatemala,29.6,100,True,light_drip (alternative brewing methods)
